quantile,floor_area_m2,embodied_mean_tCO2e,embodied_p05_tCO2e,embodied_p95_tCO2e
0.05,1.4966505534159047,0.7572896057558446,0.5242859539812846,1.0468470751817875
0.25,4.905623185466471,2.463387437646869,1.693117400847197,3.379934302903039
0.5,10.640733355498384,5.365210065761515,3.7068673216150563,7.393648849722323
0.75,18.620009877372926,9.34221617660498,6.437743369371335,12.856381046989767
0.95,32.94010540562142,16.667889203225386,11.532341764329356,23.018692734958663
