building_type,n_rows,floor_area_m2
residential_rc,76028,4151667.0173480147
commercial,13,103005.22197050104
industrial,1,27745.23380967925
